YEAR,WGMS_ID,POLITICAL_UNIT,NAME,AREA,WINTER_BALANCE,SUMMER_BALANCE,ANNUAL_BALANCE,REMARKS
1955,1674,CH,ALBIGNA,6.609380000000001,1196.0,,-479.0,
1956,1674,CH,ALBIGNA,6.20125,1391.0,,-660.0,
1957,1674,CH,ALBIGNA,5.71438,979.0,,-447.0,
1958,1674,CH,ALBIGNA,5.7025,1418.0,,-815.0,
1959,1674,CH,ALBIGNA,5.694380000000001,1535.0,,-840.0,
1960,1674,CH,ALBIGNA,5.68125,1791.0,,110.0,
