YEAR,WGMS_ID,POLITICAL_UNIT,NAME,AREA,WINTER_BALANCE,SUMMER_BALANCE,ANNUAL_BALANCE,REMARKS
2010,1138,IT,LUPO,0.202,3898.0,-3385.0,513.0,
2011,1138,IT,LUPO,0.202,3837.0,-4260.0,-423.0,
2012,1138,IT,LUPO,0.202,3254.0,-4776.0,-1522.0,
2013,1138,IT,LUPO,0.205,3799.0,-3453.0,346.0,
2014,1138,IT,LUPO,0.20478729999999998,3993.0,-2624.0,1369.0,
2015,1138,IT,LUPO,0.20478729999999998,3074.0,-4635.0,-1561.0,
