YEAR,WGMS_ID,POLITICAL_UNIT,NAME,AREA,WINTER_BALANCE,SUMMER_BALANCE,ANNUAL_BALANCE,REMARKS
1966,1316,NO,TUNSBERGDALSBREEN,43.772998799999996,1570.0,-2658.0,-1088.0,
1967,1316,NO,TUNSBERGDALSBREEN,43.772998799999996,3311.0,-1517.0,1794.0,
1968,1316,NO,TUNSBERGDALSBREEN,43.772998799999996,2741.0,-2703.0,39.0,
1969,1316,NO,TUNSBERGDALSBREEN,50.0999984,1535.0,-3227.0,-1692.0,
1970,1316,NO,TUNSBERGDALSBREEN,50.0999984,1540.0,-2380.0,-840.0,
1971,1316,NO,TUNSBERGDALSBREEN,49.3499984,2362.0,-1794.0,568.0,
1972,1316,NO,TUNSBERGDALSBREEN,49.880001,2023.0,-2523.0,-500.0,
