YEAR,WGMS_ID,POLITICAL_UNIT,NAME,AREA,WINTER_BALANCE,SUMMER_BALANCE,ANNUAL_BALANCE,REMARKS
1968,1318,NO,VESTRE MEMURUBREEN,9.050000099999998,1705.0,-1464.0,241.0,
1969,1318,NO,VESTRE MEMURUBREEN,9.050000099999998,1046.0,-2106.0,-1060.0,
1970,1318,NO,VESTRE MEMURUBREEN,9.005000099999998,843.0,-1638.0,-795.0,
1971,1318,NO,VESTRE MEMURUBREEN,9.050000099999998,1299.0,-1194.0,105.0,
1972,1318,NO,VESTRE MEMURUBREEN,8.9589996,1196.0,-1471.0,-275.0,
