YEAR,WGMS_ID,POLITICAL_UNIT,NAME,AREA,WINTER_BALANCE,SUMMER_BALANCE,ANNUAL_BALANCE,REMARKS
1996,1676,NO,JOSTEFONN,3.8099998999999998,1187.0,-2812.0,-1625.0,
1997,1676,NO,JOSTEFONN,3.8099998999999998,3450.0,-3871.0,-421.0,
1998,1676,NO,JOSTEFONN,3.8099998999999998,2844.0,-2543.0,300.0,
1999,1676,NO,JOSTEFONN,3.8099998999999998,2918.0,-2542.0,375.0,
2000,1676,NO,JOSTEFONN,3.8099998999999998,3495.0,-2468.0,1027.0,
