YEAR,WGMS_ID,POLITICAL_UNIT,NAME,AREA,WINTER_BALANCE,SUMMER_BALANCE,ANNUAL_BALANCE,REMARKS
1977,318,NO,BONDHUSBREA,10.159999800000001,1961.0,-2960.0,-998.0,
1978,318,NO,BONDHUSBREA,10.159999800000001,2366.0,-2879.0,-513.0,
1979,318,NO,BONDHUSBREA,10.67,2797.0,-2470.0,327.0,
1980,318,NO,BONDHUSBREA,10.821999499999999,2319.0,-2756.0,-437.0,
1981,318,NO,BONDHUSBREA,10.671999900000001,3324.0,-2001.0,1323.0,
