YEAR,WGMS_ID,POLITICAL_UNIT,NAME,AREA,WINTER_BALANCE,SUMMER_BALANCE,ANNUAL_BALANCE,REMARKS
2011,1538,NZ,ROLLESTON,0.11225,1810.0,-3849.0,-2039.0,
2012,1538,NZ,ROLLESTON,0.1121,2501.0,-2930.0,-429.0,
2013,1538,NZ,ROLLESTON,0.11220999999999999,3117.0,-2377.0,740.0,
2014,1538,NZ,ROLLESTON,0.11220999999999999,2899.0,-2937.0,-38.0,
2015,1538,NZ,ROLLESTON,0.11220989999999999,2909.0,-2252.0,657.0,
