YEAR,WGMS_ID,POLITICAL_UNIT,NAME,AREA,WINTER_BALANCE,SUMMER_BALANCE,ANNUAL_BALANCE,REMARKS
2002,2670,NO,RUNDVASSBREEN,11.5799999,2136.0,-3191.0,-1055.0,
2003,2670,NO,RUNDVASSBREEN,11.5799999,1881.0,-2947.0,-1066.0,
2004,2670,NO,RUNDVASSBREEN,11.600000300000001,1951.0,-2161.0,-209.0,
2011,2670,NO,RUNDVASSBREEN,10.935999800000001,1743.0,-3321.0,-1577.0,
2012,2670,NO,RUNDVASSBREEN,10.935999800000001,2038.0,-1402.0,636.0,
2013,2670,NO,RUNDVASSBREEN,10.935999800000001,1467.0,-3900.0,-2432.0,
2014,2670,NO,RUNDVASSBREEN,10.935999800000001,1797.0,-2588.0,-790.0,
2015,2670,NO,RUNDVASSBREEN,10.935999800000001,2124.0,-2145.0,-20.0,
