YEAR,WGMS_ID,POLITICAL_UNIT,NAME,AREA,WINTER_BALANCE,SUMMER_BALANCE,ANNUAL_BALANCE,REMARKS
1967,1331,NO,VESLEDALSBREEN,4.2210000999999995,2066.0,-1711.0,354.0,
1968,1331,NO,VESLEDALSBREEN,4.2210000999999995,3138.0,-2502.0,636.0,
1969,1331,NO,VESLEDALSBREEN,4.2210000999999995,1260.0,-3436.0,-2176.0,
1970,1331,NO,VESLEDALSBREEN,4.2210000999999995,1523.0,-2643.0,-1120.0,
1971,1331,NO,VESLEDALSBREEN,4.1799998,2216.0,-1795.0,420.0,
1972,1331,NO,VESLEDALSBREEN,4.1799998,1918.0,-2270.0,-353.0,
